Year,Month,Day,Time,End Year,End Month,End Day,End Time,Display Date,Category,,Title,Headline,Text,Media,Media Credit,Media Caption,Media Thumbnail,Alt Text,Type,Group,Background
1951,,,,1956,,,,,,,,First Five Year Plan,,,,,,,Five Year Plans,Five Year Plans,
1956,,,,1961,,,,,,,,Second Five Year Plan,,,,,,,Five Year Plans,Five Year Plans,
1961,,,,1966,,,,,,,,Third Five Year Plan,,,,,,,Five Year Plans,Five Year Plans,
1969,,,,1974,,,,,,,,Fourth Five Year Plan,,,,,,,Five Year Plans,Five Year Plans,
1974,,,,1980,,,,,,,,Fifth Five Year Plan,,,,,,,Five Year Plans,Five Year Plans,
1980,,,,1985,,,,,,,,Sixth Five Year Plan,,,,,,,Five Year Plans,Five Year Plans,
1985,,,,1990,,,,,,,,Seventh Five Year Plan,,,,,,,Five Year Plans,Five Year Plans,
1990,,,,1992,,,,,,,,Annual Plans,,,,,,,Five Year Plans,Five Year Plans,
1992,,,,1997,,,,,,,,Eighth Five Year Plan,,,,,,,Five Year Plans,Five Year Plans,
1997,,,,2002,,,,,,,,Ninth Five Year Plan,,,,,,,Five Year Plans,Five Year Plans,
2002,,,,2007,,,,,,,,Tenth Five Year Plan,,,,,,,Five Year Plans,Five Year Plans,
2007,,,,2012,,,,,,,,Eleventh Five Year Plan,,,,,,,Five Year Plans,Five Year Plans,
2012,,,,2017,,,,,,,,Twelfth Five Year Plan,,,,,,,Five Year Plans,Five Year Plans,
,,,,,,,,,,,,,,,,,,,Five Year Plans,Five Year Plans,
1972,,,,1972,,,,1972,ðŸŸ¥ Railways,,(1) Financing of M.T. Projects. (2) Sensitivity study of R.T.S. line Dum Dum to Tollyganj.,ðŸŸ¥ (1) Financing of M.T. Projects. (2) Sensitivity study of R.T.S. line Dum Dum to Tollyganj.,,,,,,,Primary,Primary,
1973,,,,1973,,,,1973,ðŸŸ¦ Planning Commission ,,(1) India's Third five year Plan (2) Comments of the Word Bank; Ford Foundation Etc on India's third Plan.,ðŸŸ¦ (1) India's Third five year Plan (2) Comments of the Word Bank; Ford Foundation Etc on India's third Plan.,,,,,,,Primary,Primary,
1972,,,,1972,,,,1972,ðŸŸ¥ Railways,,(1) third terminal for Delhi-MTP Delhi. (2) Reservation of land for MRTs.,ðŸŸ¥ (1) third terminal for Delhi-MTP Delhi. (2) Reservation of land for MRTs.,,,,,,,Primary,Primary,#333333
1981,,,,1981,,,,1981,ðŸŸ¦ Planning Commission ,,Additional allocation of Rs.86 crores to the Ministry of Railways during the Sixth Plan for certain new railway lines and metropolitan transport projects.,ðŸŸ¦ Additional allocation of Rs.86 crores to the Ministry of Railways during the Sixth Plan for certain new railway lines and metropolitan transport projects.,,,,,,,Primary,Primary,
1981,,,,1981,,,,1981,ðŸŸ¥ Railways,,Advance report of the C&AG for 79-80 regarding metro works,ðŸŸ¥ Advance report of the C&AG for 79-80 regarding metro works,,,,,,,Primary,Primary,
1948,,,,1948,,,,1948,ðŸŸ© Transport,,"Agreement with GNIT Company Ltd., New Delhi & other agreements for taking over by Govt. of the bus services in Delhi","ðŸŸ© Agreement with GNIT Company Ltd., New Delhi & other agreements for taking over by Govt. of the bus services in Delhi",,,,,,,Primary,Primary,
1998,,,,1998,,,,1998,ðŸŸ¥ Railways,,Allocation of funds for project under MTP,ðŸŸ¥ Allocation of funds for project under MTP,,,,,,,Primary,Primary,
1952,,,,1952,,,,1952,ðŸŸª PMO,,Automobiles Industries in India & the effect of import of Foreign Cars into India,ðŸŸª Automobiles Industries in India & the effect of import of Foreign Cars into India,,,,,,,Primary,Primary,
1958,,,,1958,,,,1958,ðŸŸ¨ Home Affairs,,Brief Note on Delhi,ðŸŸ¨ Brief Note on Delhi,,,,,,,Primary,Primary,
1983,,,,1983,,,,1983,ðŸŸ¥ Railways,,"C&AG's report on Railways for the year 1982-83, Metro Railways; Electrification of ring railways, Delhi","ðŸŸ¥ C&AG's report on Railways for the year 1982-83, Metro Railways; Electrification of ring railways, Delhi",,,,,,,Primary,Primary,
1983,,,,1983,,,,1983,ðŸŸ¦ Planning Commission ,,Calcutta Circular Railway (Report in Volumes I & II),ðŸŸ¦ Calcutta Circular Railway (Report in Volumes I & II),,,,,,,Primary,Primary,
1976,,,,1976,,,,1976,ðŸŸ¦ Planning Commission ,,Calcutta Rapid Transit System,ðŸŸ¦ Calcutta Rapid Transit System,,,,,,,Primary,Primary,
1979,,,,1979,,,,1979,ðŸŸ¥ Railways,,Calcutta report transport system project report on prototype trials,ðŸŸ¥ Calcutta report transport system project report on prototype trials,,,,,,,Primary,Primary,
1983,,,,1983,,,,1983,ðŸŸª PMO,,Central Road Research Institute,ðŸŸª Central Road Research Institute,,,,,,,Primary,Primary,
1985,,,,1985,,,,1985,ðŸŸ¥ Railways,,Circular Railway,ðŸŸ¥ Circular Railway,,,,,,,Primary,Primary,
1983,,,,1983,,,,1983,ðŸŸ¥ Railways,,Circular Railway Calcutta,ðŸŸ¥ Circular Railway Calcutta,,,,,,,Primary,Primary,
1985,,,,1985,,,,1985,ðŸŸª PMO,,Commission on Urban Development,ðŸŸª Commission on Urban Development,,,,,,,Primary,Primary,
1985,,,,1985,,,,1985,ðŸŸª PMO,,Commission on Urban Development,ðŸŸª Commission on Urban Development,,,,,,,Primary,Primary,
1983,,,,1983,,,,1983,ðŸŸ¦ Planning Commission ,Planning Commission,"Committee to look into the running of Ring Rail Services in Delhi Area (headed by Dr. M.Q. Dalvi, UNDP Adviser)","ðŸŸ¦ Committee to look into the running of Ring Rail Services in Delhi Area (headed by Dr. M.Q. Dalvi, UNDP Adviser)",,,,,,,Primary,Primary,
1978,,,,1978,,,,1978,ðŸŸ¥ Railways,Railways,Competent authority under the metro railway,ðŸŸ¥ Competent authority under the metro railway,Open in Tropy,tropy://project/current/items/36397/36398,,,,,Primary,Primary,
1982,,,,1982,,,,1982,ðŸŸ¦ Planning Commission ,Planning Commission,Continuation of the Technical Work of the UNDP Project: Suggestion for setting up of Metropolitan Transport and Spatial Planning Units in the Planning Commission,ðŸŸ¦ Continuation of the Technical Work of the UNDP Project: Suggestion for setting up of Metropolitan Transport and Spatial Planning Units in the Planning Commission,,,,,,,Primary,Primary,
1982,,,,1982,,,,1982,ðŸŸ¦ Planning Commission ,Planning Commission,Continuation of the Technical Work of the UNDP Project: Suggestion for setting up of Metropolitan Transport and Spatial Planning Units in the Planning Commission,ðŸŸ¦ Continuation of the Technical Work of the UNDP Project: Suggestion for setting up of Metropolitan Transport and Spatial Planning Units in the Planning Commission,,,,,,,Primary,Primary,
1981,,,,1981,,,,1981,ðŸŸ¦ Planning Commission ,Planning Commission,Creation of Road Transport Development Finance Corporation,ðŸŸ¦ Creation of Road Transport Development Finance Corporation,,,,,,,Primary,Primary,
1983,,,,1983,,,,1983,ðŸŸ¥ Railways,Railways,Dalvi Committee Report - Delhi Ring Railways - Augmentation of Services,ðŸŸ¥ Dalvi Committee Report - Delhi Ring Railways - Augmentation of Services,,,,,,,Primary,Primary,
1972,,,,1972,,,,1972,ðŸŸª PMO,PMO,Delhi Development Authority,ðŸŸª Delhi Development Authority,,,,,,,Primary,Primary,
1974,,,,1974,,,,1974,ðŸŸª PMO,PMO,Delhi Development Authority,ðŸŸª Delhi Development Authority,,,,,,,Primary,Primary,
1977,,,,1977,,,,1977,ðŸŸª PMO,PMO,Delhi Development Authority,ðŸŸª Delhi Development Authority,,,,,,,Primary,Primary,
1971,,,,1971,,,,1971,ðŸŸ© Transport,Shipping & Transport,"Delhi Road Transport Laws (Amendment) Bill, 1971","ðŸŸ© Delhi Road Transport Laws (Amendment) Bill, 1971",,,,,,,Primary,Primary,
1971,,,,1971,,,,1971,ðŸŸ© Transport,Shipping & Transport,"Delhi Road Transport Laws Ordinance, 1971","ðŸŸ© Delhi Road Transport Laws Ordinance, 1971",,,,,,,Primary,Primary,
1978,,,,1978,,,,1978,ðŸŸ¥ Railways,Railways,Deputation of railways officer abroad submission of report in training,ðŸŸ¥ Deputation of railways officer abroad submission of report in training,,,,,,,Primary,Primary,
1972,,,,1972,,,,1972,ðŸŸª PMO,PMO,Development and Maintenance of National Highways,ðŸŸª Development and Maintenance of National Highways,,,,,,,Primary,Primary,
1976,,,,1976,,,,1976,ðŸŸª PMO,PMO,Development and Maintenance of National Highways,ðŸŸª Development and Maintenance of National Highways,,,,,,,Primary,Primary,
1977,,,,1977,,,,1977,ðŸŸª PMO,PMO,Development and Maintenance of National Highways,ðŸŸª Development and Maintenance of National Highways,,,,,,,Primary,Primary,
1978,,,,1978,,,,1978,ðŸŸª PMO,PMO,Development and Maintenance of National Highways,ðŸŸª Development and Maintenance of National Highways,,,,,,,Primary,Primary,
1984,,,,1984,,,,1984,ðŸŸª PMO,PMO,Development and Maintenance of National Highways,ðŸŸª Development and Maintenance of National Highways,,,,,,,Primary,Primary,
1973,,,,1973,,,,1973,ðŸŸª PMO,PMO,Development and Maintenance of National Highways,ðŸŸª Development and Maintenance of National Highways,,,,,,,Primary,Primary,
1974,,,,1974,,,,1974,ðŸŸª PMO,PMO,Development and Maintenance of National Highways,ðŸŸª Development and Maintenance of National Highways,,,,,,,Primary,Primary,
1984,,,,1984,,,,1984,ðŸŸª PMO,PMO,Development of Roads in India,ðŸŸª Development of Roads in India,,,,,,,Primary,Primary,
1966,,,,1966,,,,1966,ðŸŸª PMO,PMO,Development of Roads in India,ðŸŸª Development of Roads in India,,,,,,,Primary,Primary,
1969,,,,1969,,,,1969,ðŸŸª PMO,PMO,Development of Roads in India,ðŸŸª Development of Roads in India,,,,,,,Primary,Primary,
1975,,,,1975,,,,1975,ðŸŸª PMO,PMO,Development of Roads in India,ðŸŸª Development of Roads in India,,,,,,,Primary,Primary,
1978,,,,1978,,,,1978,ðŸŸª PMO,PMO,Development of Roads in India,ðŸŸª Development of Roads in India,,,,,,,Primary,Primary,
1974,,,,1974,,,,1974,ðŸŸ¥ Railways,Railways,"Discussion paper by Prof. M.Q. Dalvi, UNDP Advisor (Vol. II)","ðŸŸ¥ Discussion paper by Prof. M.Q. Dalvi, UNDP Advisor (Vol. II)",,,,,,,Primary,Primary,
1974,,,,1974,,,,1974,ðŸŸ¥ Railways,Railways,"Discussion paper by Prof. M.Q. Dalvi, UNDP Advisor (Vol. II)","ðŸŸ¥ Discussion paper by Prof. M.Q. Dalvi, UNDP Advisor (Vol. II)",,,,,,,Primary,Primary,
1935,,,,1935,,,,1935,ðŸŸ© Transport,Ministry of Transport,Draft Model-Motor Vehicles Rules prepared by the Government of India,ðŸŸ© Draft Model-Motor Vehicles Rules prepared by the Government of India,,,,,,,Primary,Primary,
1960,,,,1960,,,,1960,ðŸŸ§ Cab Sec,Cabinet Secretariat,Draft Outlines of Master Plan for Delhi_Part 1,ðŸŸ§ Draft Outlines of Master Plan for Delhi_Part 1,,,,,,,Primary,Primary,
1960,,,,1960,,,,1960,ðŸŸ§ Cab Sec,Cabinet Secretariat,Draft Outlines of Master Plan for Delhi_Part 2,ðŸŸ§ Draft Outlines of Master Plan for Delhi_Part 2,,,,,,,Primary,Primary,
1974,,,,1974,,,,1974,ðŸŸª PMO,PMO,Environmental Pollution Control,ðŸŸª Environmental Pollution Control,,,,,,,Primary,Primary,
1976,,,,1976,,,,1976,ðŸŸª PMO,PMO,Environmental Pollution Control,ðŸŸª Environmental Pollution Control,,,,,,,Primary,Primary,
1977,,,,1977,,,,1977,ðŸŸª PMO,PMO,Environmental Pollution Control,ðŸŸª Environmental Pollution Control,,,,,,,Primary,Primary,
1978,,,,1978,,,,1978,ðŸŸª PMO,PMO,Environmental Pollution Control,ðŸŸª Environmental Pollution Control,,,,,,,Primary,Primary,
1979,,,,1979,,,,1979,ðŸŸª PMO,PMO,Environmental Pollution Control,ðŸŸª Environmental Pollution Control,,,,,,,Primary,Primary,
1982,,,,1982,,,,1982,ðŸŸ¥ Railways,Railways,Estimate for providing Traffic Circulation & Parking around Ring Railway Station,ðŸŸ¥ Estimate for providing Traffic Circulation & Parking around Ring Railway Station,,,,,,,Primary,Primary,
1996,,,,1996,,,,1996,ðŸŸ¥ Railways,Railways,Examination of the subject of Metro Railway,ðŸŸ¥ Examination of the subject of Metro Railway,,,,,,,Primary,Primary,
1984,,,,1984,,,,1984,ðŸŸ¥ Railways,Railways,Foreign Consultancy for Metro Railway,ðŸŸ¥ Foreign Consultancy for Metro Railway,,,,,,,Primary,Primary,
1967,,,,1967,,,,1967,ðŸŸ© Transport,Minstry of Transport and Shipping,Formulation of a Fresh Program for IDA Credit for Road Development,ðŸŸ© Formulation of a Fresh Program for IDA Credit for Road Development,,,,,,,Primary,Primary,
1969,,,,1969,,,,1969,ðŸŸª PMO,PMO,Fourth Five Year Plan - Delhi,ðŸŸª Fourth Five Year Plan - Delhi,,,,,,,Primary,Primary,
1974,,,,1974,,,,1974,ðŸŸ© Transport,Comptroller and Auditor General of India CAGI & Ministry of Shipping and Transport,"Framing of rules under Section 44 of the Road Transport Corporation Act, 1950, for Delhi Transport Corporation","ðŸŸ© Framing of rules under Section 44 of the Road Transport Corporation Act, 1950, for Delhi Transport Corporation",,,,,,,Primary,Primary,
1970,,,,1970,,,,1970,ðŸŸª PMO,PMO,Full Meeting of the Planning Commission held on 07 October 1970,ðŸŸª Full Meeting of the Planning Commission held on 07 October 1970,,,,,,,Primary,Primary,
1984,,,,1984,,,,1984,ðŸŸ¥ Railways,Railways,General Correspondence in regards to MTP Calcutta (Eastern Railway),ðŸŸ¥ General Correspondence in regards to MTP Calcutta (Eastern Railway),,,,,,,Primary,Primary,
1965,,,,1965,,,,1965,ðŸŸ© Transport,Ministry of Surface Transport,Grant of loan to Delhi Municipal Corporation for the Delhi Transport Undertaking (1965-66),ðŸŸ© Grant of loan to Delhi Municipal Corporation for the Delhi Transport Undertaking (1965-66),,,,,,,Primary,Primary,
1966,,,,1966,,,,1966,ðŸŸ© Transport,Ministry of Surface Transport,Grant of loan to Delhi Transport Corporation (1966-67),ðŸŸ© Grant of loan to Delhi Transport Corporation (1966-67),,,,,,,Primary,Primary,
1976,,,,1976,,,,1976,ðŸŸª PMO,PMO,Grievances of Road Transport Operators,ðŸŸª Grievances of Road Transport Operators,,,,,,,Primary,Primary,
1978,,,,1978,,,,1978,ðŸŸª PMO,PMO,Grievances of Road Transport Operators,ðŸŸª Grievances of Road Transport Operators,,,,,,,Primary,Primary,
1981,,,,1981,,,,1981,ðŸŸ¦ Planning Commission ,Planning Commission,Group to study requirement of buses by Delhi Transport Corporation,ðŸŸ¦ Group to study requirement of buses by Delhi Transport Corporation,,,,,,,Primary,Primary,
1972,,,,1972,,,,1972,ðŸŸ© Transport,"Ministry of Shipping, Road Transport and Highways",Highway Design Study in India,ðŸŸ© Highway Design Study in India,,,,,,,Primary,Primary,
1990,,,,1990,,,,1990,ðŸŸª PMO,PMO,Housing Policy (1990),ðŸŸª Housing Policy (1990),,,,,,,Primary,Primary,
1986,,,,1986,,,,1986,ðŸŸª PMO,PMO,Import of cars - Sale of imported cars from STC Quota,ðŸŸª Import of cars - Sale of imported cars from STC Quota,,,,,,,Primary,Primary,
1982,,,,1982,,,,1982,ðŸŸ¦ Planning Commission ,Planning Commission,Introduction of Electric Trolley Bus System in Delhi Urban Areas,ðŸŸ¦ Introduction of Electric Trolley Bus System in Delhi Urban Areas,,,,,,,Primary,Primary,
1996,,,,1996,,,,1996,ðŸŸ¥ Railways,Railways,Land Requirement of Delhi MRTS,ðŸŸ¥ Land Requirement of Delhi MRTS,,,,,,,Primary,Primary,
1974,,,,1974,,,,1974,ðŸŸ¦ Planning Commission ,Planning Commission,M.T Delhi,ðŸŸ¦ M.T Delhi,,,,,,,Primary,Primary,
1970,,,,1970,,,,1970,ðŸŸ¥ Railways,Ministry of Railways, Metropolitan Rail Transport Projects-Calcutta,ðŸŸ¥  Metropolitan Rail Transport Projects-Calcutta,,,,,,,Primary,Primary,
1972,,,,1972,,,,1972,ðŸŸ¦ Planning Commission ,Planning Commission,M.T Studies Calcutta,ðŸŸ¦ M.T Studies Calcutta,,,,,,,Primary,Primary,
1972,,,,1972,,,,1972,ðŸŸ¦ Planning Commission ,Planning Commission,M.T Studies Calcutta,ðŸŸ¦ M.T Studies Calcutta,,,,,,,Primary,Primary,
1972,,,,1972,,,,1972,ðŸŸ¦ Planning Commission ,Planning Commission,M.T. Calcutta,ðŸŸ¦ M.T. Calcutta,,,,,,,Primary,Primary,
1972,,,,1972,,,,1972,ðŸŸ¦ Planning Commission ,Planning Commission,M.T. Madras,ðŸŸ¦ M.T. Madras,,,,,,,Primary,Primary,
1972,,,,1972,,,,1972,ðŸŸ¥ Railways,Railways,M.T.P. Calcutta Scope of wor - North South line- 1) Techno-economic feasibility studies for calcutta,ðŸŸ¥ M.T.P. Calcutta Scope of wor - North South line- 1) Techno-economic feasibility studies for calcutta,,,,,,,Primary,Primary,
1975,,,,1975,,,,1975,ðŸŸ¥ Railways,Railways,M.T.P. Calcutta Tube Railway Project Calcutta Reference from Chief Minister West Bengal,ðŸŸ¥ M.T.P. Calcutta Tube Railway Project Calcutta Reference from Chief Minister West Bengal,,,,,,,Primary,Primary,
1980,,,,1980,,,,1980,ðŸŸ¥ Railways,Railways,MRTS facility for Bangalore,ðŸŸ¥ MRTS facility for Bangalore,,,,,,,Primary,Primary,
1974,,,,1974,,,,1974,ðŸŸ¥ Railways,Railways,MT Project Calcutta- Metro Rolling Stock for the Design & Manufacture of Meeting and Minutes on,ðŸŸ¥ MT Project Calcutta- Metro Rolling Stock for the Design & Manufacture of Meeting and Minutes on,,,,,,,Primary,Primary,
1980,,,,1980,,,,1980,ðŸŸ¥ Railways,Railways,MT project Calcutta of S&T project report for triplication be conducted with rolling stock,ðŸŸ¥ MT project Calcutta of S&T project report for triplication be conducted with rolling stock,,,,,,,Primary,Primary,
1974,,,,1974,,,,1974,ðŸŸ¥ Railways,Railways,MTP Calcutta - Dum Dum Tollygang Rapid Transit Line Memorandum to the cabinet,ðŸŸ¥ MTP Calcutta - Dum Dum Tollygang Rapid Transit Line Memorandum to the cabinet,,,,,,,Primary,Primary,
1974,,,,1974,,,,1974,ðŸŸ¥ Railways,Railways,MTP Calcutta - Protocol of study and discussions connected with cooperation between India and USSR Foreign exchange requirements,ðŸŸ¥ MTP Calcutta - Protocol of study and discussions connected with cooperation between India and USSR Foreign exchange requirements,,,,,,,Primary,Primary,
1978,,,,1978,,,,1978,ðŸŸ¥ Railways,Railways,"MTP Calcutta - metro finalization of rules (metro railway & construction of works) Act, 1978","ðŸŸ¥ MTP Calcutta - metro finalization of rules (metro railway & construction of works) Act, 1978",,,,,,,Primary,Primary,
1974,,,,1974,,,,1974,ðŸŸ¥ Railways,Railways,MTP Calcutta Dum Dum tollyganj rts line aqusitin of the land for the ref.top planning commission correspondence with the West Bengal Govt,ðŸŸ¥ MTP Calcutta Dum Dum tollyganj rts line aqusitin of the land for the ref.top planning commission correspondence with the West Bengal Govt,,,,,,,Primary,Primary,
1977,,,,1977,,,,1977,ðŸŸ¥ Railways,Railways,MTP Calcutta Metro Ciach Kay Drawings received from RD50,ðŸŸ¥ MTP Calcutta Metro Ciach Kay Drawings received from RD50,,,,,,,Primary,Primary,
1973,,,,1973,,,,1973,ðŸŸ¥ Railways,Railways,MTP Calcutta- Intermission of the final location survey report of MRT Calcutta Dumdam tollyganj sea,ðŸŸ¥ MTP Calcutta- Intermission of the final location survey report of MRT Calcutta Dumdam tollyganj sea,,,,,,,Primary,Primary,
1974,,,,1974,,,,1974,ðŸŸ¥ Railways,Railways,MTP Delhi Techno economic feasibility studies for the massrapid trasnsits system sub soil edploration report for the.,ðŸŸ¥ MTP Delhi Techno economic feasibility studies for the massrapid trasnsits system sub soil edploration report for the.,,,,,,,Primary,Primary,
1976,,,,1976,,,,1976,ðŸŸ¥ Railways,Railways,MTP Delhi- Short range Programme for delhi Urban Area- report of the Sub- Committee appointed by the Transport group ( Min. of Works & Housing).,ðŸŸ¥ MTP Delhi- Short range Programme for delhi Urban Area- report of the Sub- Committee appointed by the Transport group ( Min. of Works & Housing).,,,,,,,Primary,Primary,
1976,,,,1976,,,,1976,ðŸŸ¥ Railways,Railways,MTP Delhi- Short range Programme for delhi Urban Area- report of the Sub- Committee appointed by the Transport group ( Min. of Works & Housing).,ðŸŸ¥ MTP Delhi- Short range Programme for delhi Urban Area- report of the Sub- Committee appointed by the Transport group ( Min. of Works & Housing).,,,,,,,Primary,Primary,
1976,,,,1976,,,,1976,ðŸŸ¥ Railways,Railways,MTP Delhi- Supplimentary estimates for techno- economic feasibility studies / Anciliary Studies.,ðŸŸ¥ MTP Delhi- Supplimentary estimates for techno- economic feasibility studies / Anciliary Studies.,,,,,,,Primary,Primary,
1980,,,,1980,,,,1980,ðŸŸ¥ Railways,Railways,MTP Delhi: Electrified rail commuter services for Delhi urban area - scheme to be referred to cabinet for approval,ðŸŸ¥ MTP Delhi: Electrified rail commuter services for Delhi urban area - scheme to be referred to cabinet for approval,,,,,,,Primary,Primary,
1975,,,,1975,,,,1975,ðŸŸ¥ Railways,Railways,MTP Madras reference reg traffic projectsions travel forecast 198.,ðŸŸ¥ MTP Madras reference reg traffic projectsions travel forecast 198.,,,,,,,Primary,Primary,
1979,,,,1979,,,,1979,ðŸŸ¥ Railways,Railways,MTP Work along Chittranjan Avenue in North Calcutta,ðŸŸ¥ MTP Work along Chittranjan Avenue in North Calcutta,,,,,,,Primary,Primary,
1974,,,,1974,,,,1974,ðŸŸ¥ Railways,Railways,"MTP, Calcutta:- 1. Acquisition of land. 2. Acquisition of Tollygani Club land compensation paid","ðŸŸ¥ MTP, Calcutta:- 1. Acquisition of land. 2. Acquisition of Tollygani Club land compensation paid",,,,,,,Primary,Primary,
1976,,,,1976,,,,1976,ðŸŸ¥ Railways,Railways,"MTP, Madras - Techno- Economic feasibility studies for MRTS for Madras - revised estimate for the .","ðŸŸ¥ MTP, Madras - Techno- Economic feasibility studies for MRTS for Madras - revised estimate for the .",,,,,,,Primary,Primary,
1972,,,,1972,,,,1972,ðŸŸ¥ Railways,Railways,MTP.- Calcutta Rolling stock for the (i) Dimention of Rolling stock for Calcutta M.T.P. project,ðŸŸ¥ MTP.- Calcutta Rolling stock for the (i) Dimention of Rolling stock for Calcutta M.T.P. project,,,,,,,Primary,Primary,
1981,,,,1981,,,,1981,ðŸŸ¥ Railways,Railways,MTP/Delhi: Comparative study of the 6 Car vis-a-vis 9 Car EMU service on the ring railway planning of 9 Car Rakes board decision,ðŸŸ¥ MTP/Delhi: Comparative study of the 6 Car vis-a-vis 9 Car EMU service on the ring railway planning of 9 Car Rakes board decision,,,,,,,Primary,Primary,
1984,,,,1984,,,,1984,ðŸŸ¥ Railways,Railways,Madras Circular Railway Study by RITES,ðŸŸ¥ Madras Circular Railway Study by RITES,,,,,,,Primary,Primary,
1976,,,,1976,,,,1976,ðŸŸª PMO,PMO,Madras Metropolitan Development,ðŸŸª Madras Metropolitan Development,,,,,,,Primary,Primary,
1975,,,,1975,,,,1975,ðŸŸª PMO,PMO,Manufacture of Scooters in India,ðŸŸª Manufacture of Scooters in India,,,,,,,Primary,Primary,
1969,,,,1969,,,,1969,ðŸŸª PMO,PMO,Manufacture of Scooters in India,ðŸŸª Manufacture of Scooters in India,,,,,,,Primary,Primary,
1970,,,,1970,,,,1970,ðŸŸª PMO,PMO,Manufacture of Scooters in India,ðŸŸª Manufacture of Scooters in India,,,,,,,Primary,Primary,
1973,,,,1973,,,,1973,ðŸŸª PMO,PMO,Maruti Udyog Ltd,ðŸŸª Maruti Udyog Ltd,,,,,,,Primary,Primary,
1993,,,,1993,,,,1993,ðŸŸ¥ Railways,Railways,Mass Rapid Transit System Bangalore,ðŸŸ¥ Mass Rapid Transit System Bangalore,,,,,,,Primary,Primary,
1972,,,,1972,,,,1972,ðŸŸ¥ Railways,Railways,Mass Transit Study Report on Dum Dum Tollygang line- meeting with planning commission,ðŸŸ¥ Mass Transit Study Report on Dum Dum Tollygang line- meeting with planning commission,,,,,,,Primary,Primary,
1974,,,,1974,,,,1974,ðŸŸ¦ Planning Commission ,Planning Commission,Mass Transit System for Calcutta - Dum Dum - Tollygang - Rapid Transit System Project,ðŸŸ¦ Mass Transit System for Calcutta - Dum Dum - Tollygang - Rapid Transit System Project,,,,,,,Primary,Primary,
1978,,,,1978,,,,1978,ðŸŸ¦ Planning Commission ,Planning Commission,Mass Transportation System Electric Trolley Buses for Urban Areas,ðŸŸ¦ Mass Transportation System Electric Trolley Buses for Urban Areas,,,,,,,Primary,Primary,
1975,,,,1975,,,,1975,ðŸŸ¥ Railways,Railways,"Mass rapid Transit system for Delhi ares reports by caor Mtp Delhi traffic.,","ðŸŸ¥ Mass rapid Transit system for Delhi ares reports by caor Mtp Delhi traffic.,",,,,,,,Primary,Primary,
1985,,,,1985,,,,1985,ðŸŸª PMO,PMO,Master Plan for Delhi,ðŸŸª Master Plan for Delhi,,,,,,,Primary,Primary,
1975,,,,1975,,,,1975,ðŸŸª PMO,PMO,Measures to Prevent Road Accidents,ðŸŸª Measures to Prevent Road Accidents,,,,,,,Primary,Primary,
1976,,,,1976,,,,1976,ðŸŸª PMO,PMO,Measures to Prevent Road Accidents,ðŸŸª Measures to Prevent Road Accidents,,,,,,,Primary,Primary,
1977,,,,1977,,,,1977,ðŸŸª PMO,PMO,Measures to Prevent Road Accidents,ðŸŸª Measures to Prevent Road Accidents,,,,,,,Primary,Primary,
1979,,,,1979,,,,1979,ðŸŸ¦ Planning Commission ,Planning Commission,Metropolitan Transport - Delhi (Electrified Rail Commuter Service),ðŸŸ¦ Metropolitan Transport - Delhi (Electrified Rail Commuter Service),,,,,,,Primary,Primary,
1981,,,,1981,,,,1981,ðŸŸ¦ Planning Commission ,Planning Commission,Metropolitan Transport - Madras,ðŸŸ¦ Metropolitan Transport - Madras,,,,,,,Primary,Primary,
1974,,,,1974,,,,1974,ðŸŸ¦ Planning Commission ,Planning Commission,Metropolitan Transport Bombay,ðŸŸ¦ Metropolitan Transport Bombay,,,,,,,Primary,Primary,
1972,,,,1972,,,,1972,ðŸŸ¦ Planning Commission ,Planning Commission,Metropolitan Transport Bombay,ðŸŸ¦ Metropolitan Transport Bombay,,,,,,,Primary,Primary,
1972,,,,1972,,,,1972,ðŸŸ¦ Planning Commission ,Planning Commission,Metropolitan Transport Delhi,ðŸŸ¦ Metropolitan Transport Delhi,,,,,,,Primary,Primary,
1971,,,,1971,,,,1971,ðŸŸ¥ Railways,Railways,Metropolitan Transport Project Delhi.,ðŸŸ¥ Metropolitan Transport Project Delhi.,,,,,,,Primary,Primary,
1974,,,,1974,,,,1974,ðŸŸ¦ Planning Commission ,Planning Commission,Metropolitan Transport Team - Madras,ðŸŸ¦ Metropolitan Transport Team - Madras,,,,,,,Primary,Primary,
1969,,,,1969,,,,1969,ðŸŸª PMO,PMO,Misc. Correspondence with M/o Shipping & Transport,ðŸŸª Misc. Correspondence with M/o Shipping & Transport,,,,,,,Primary,Primary,
1981,,,,1981,,,,1981,ðŸŸ¥ Railways,Railways,Multi-sector urban development project for new Bombay,ðŸŸ¥ Multi-sector urban development project for new Bombay,,,,,,,Primary,Primary,
1980,,,,1980,,,,1980,ðŸŸ¦ Planning Commission ,Planning Commission,National Transport Policy,ðŸŸ¦ National Transport Policy,,,,,,,Primary,Primary,
1994,,,,1994,,,,1994,ðŸŸ¥ Railways,Railways,New Survey metro +MTP/Mas,ðŸŸ¥ New Survey metro +MTP/Mas,,,,,,,Primary,Primary,
1994,,,,1994,,,,1994,ðŸŸ¥ Railways,Railways,New Survey metro +MTP/Mas,ðŸŸ¥ New Survey metro +MTP/Mas,,,,,,,Primary,Primary,
1986,,,,1986,,,,1986,ðŸŸª PMO,PMO,PM's review meeting reg. Housing in Delhi & follow up,ðŸŸª PM's review meeting reg. Housing in Delhi & follow up,,,,,,,Primary,Primary,
1982,,,,1982,,,,1982,ðŸŸ¥ Railways,Railways,Plan of Metro railway Calcutta repairing Circular Rly,ðŸŸ¥ Plan of Metro railway Calcutta repairing Circular Rly,,,,,,,Primary,Primary,
1974,,,,1974,,,,1974,ðŸŸª PMO,PMO,Powered Cycle Rickshaw,ðŸŸª Powered Cycle Rickshaw,,,,,,,Primary,Primary,
1978,,,,1978,,,,1978,ðŸŸ¥ Railways,Railways,Project report for the electrified rail commuter service Delhi-New Delhi - Ghaziabad,ðŸŸ¥ Project report for the electrified rail commuter service Delhi-New Delhi - Ghaziabad,,,,,,,Primary,Primary,
1985,,,,1985,,,,1985,ðŸŸ¥ Railways,Railways,Proposal for Circular Railway within Howrah City,ðŸŸ¥ Proposal for Circular Railway within Howrah City,,,,,,,Primary,Primary,
1960,,,,1960,,,,1960,ðŸŸª PMO,PMO,Proposal of the NDMC to construct an underground garage for parking of cars,ðŸŸª Proposal of the NDMC to construct an underground garage for parking of cars,,,,,,,Primary,Primary,
1970,,,,1970,,,,1970,ðŸŸª PMO,PMO,Proposal regarding Construction of an underground railway in Delhi.,ðŸŸª Proposal regarding Construction of an underground railway in Delhi.,,,,,,,Primary,Primary,
1980,,,,1980,,,,1980,ðŸŸ¦ Planning Commission ,Planning Commission,"Proposal to amend the Motor Vehicles Act, 1939","ðŸŸ¦ Proposal to amend the Motor Vehicles Act, 1939",,,,,,,Primary,Primary,
1980,,,,1980,,,,1980,ðŸŸ¦ Planning Commission ,Planning Commission,"Proposal to amend the Motor Vehicles Act, 1950","ðŸŸ¦ Proposal to amend the Motor Vehicles Act, 1950",,,,,,,Primary,Primary,
1983,,,,1983,,,,1983,ðŸŸ¥ Railways,Railways,Rail Link to Bombay Airport,ðŸŸ¥ Rail Link to Bombay Airport,,,,,,,Primary,Primary,
1973,,,,1973,,,,1973,ðŸŸª PMO,PMO,Rapid Rail Transit System for Bombay Suburban Section Western Railway,ðŸŸª Rapid Rail Transit System for Bombay Suburban Section Western Railway,,,,,,,Primary,Primary,
1983,,,,1983,,,,1983,ðŸŸ¦ Planning Commission ,Planning Commission,Rapid Transit System - Bangalore,ðŸŸ¦ Rapid Transit System - Bangalore,,,,,,,Primary,Primary,
1984,,,,1984,,,,1984,ðŸŸ¥ Railways,Railways,Rapid Transit System from Madras Beach to Luzv Land - transfer of Defense Land to Metropolitan Transport Project Railways Approval,ðŸŸ¥ Rapid Transit System from Madras Beach to Luzv Land - transfer of Defense Land to Metropolitan Transport Project Railways Approval,,,,,,,Primary,Primary,
1977,,,,1977,,,,1977,ðŸŸ¥ Railways,Railways,Record note of discussion with the Third team of Soviel Consultants from 23rd July 1976 to 27th Sept. 1976.,ðŸŸ¥ Record note of discussion with the Third team of Soviel Consultants from 23rd July 1976 to 27th Sept. 1976.,,,,,,,Primary,Primary,
1975,,,,1975,,,,1975,ðŸŸ¥ Railways,Railways,Report of the committte to assess urban development needs of Bombay,ðŸŸ¥ Report of the committte to assess urban development needs of Bombay,,,,,,,Primary,Primary,
1946,,,,1946,,,,1946,ðŸŸ© Transport,Ministry of Transport,"Report on transport conditions in Delhi, and recommandations for the improvement of the G.N.I.T. Bus Services., Decision to allow the Gwalior and Northern India Transport Co. to retain controlled monopoly of public transport arrangements","ðŸŸ© Report on transport conditions in Delhi, and recommandations for the improvement of the G.N.I.T. Bus Services., Decision to allow the Gwalior and Northern India Transport Co. to retain controlled monopoly of public transport arrangements",,,,,,,Primary,Primary,
1978,,,,1978,,,,1978,ðŸŸ¦ Planning Commission ,Planning Commission,Restructuring the capital of DTC,ðŸŸ¦ Restructuring the capital of DTC,,,,,,,Primary,Primary,
1985,,,,1985,,,,1985,ðŸŸ¥ Railways,Railways,Review of the Progress World Brands Aided Projects,ðŸŸ¥ Review of the Progress World Brands Aided Projects,,,,,,,Primary,Primary,
1980,,,,1980,,,,1980,ðŸŸ¥ Railways,Railways,Ring railways Rail Road - coordination provision of feeder services,ðŸŸ¥ Ring railways Rail Road - coordination provision of feeder services,,,,,,,Primary,Primary,
1948,,,,1948,,,,1948,ðŸŸ© Transport,Ministry of Transport,Scheme for Constitution of Delhi Road Transport Authority and Drafting of Delhi Road Transport Authority Bill,ðŸŸ© Scheme for Constitution of Delhi Road Transport Authority and Drafting of Delhi Road Transport Authority Bill,,,,,,,Primary,Primary,
1959,,,,1959,,,,1959,ðŸŸ© Transport,Ministry of Surface Transport,Scheme for setting up of a Central Road Transport Training & Research Institute,ðŸŸ© Scheme for setting up of a Central Road Transport Training & Research Institute,,,,,,,Primary,Primary,
1962,,,,1962,,,,1962,ðŸŸ© Transport,Ministry of Surface Transport,Setting up of National Road Safety Council Information,ðŸŸ© Setting up of National Road Safety Council Information,,,,,,,Primary,Primary,
1981,,,,1981,,,,1981,ðŸŸ¦ Planning Commission ,Planning Commission,Setting up of a single authority for running of Metropolitan Transport Service,ðŸŸ¦ Setting up of a single authority for running of Metropolitan Transport Service,,,,,,,Primary,Primary,
1965,,,,1965,,,,1965,ðŸŸ¥ Railways,Railways,"Setting up of study team to investigate the problem of Co-ordination of Rail, Road and Tram Transport in Metropolitan cities. 2. Composition and terms of reference of the team","ðŸŸ¥ Setting up of study team to investigate the problem of Co-ordination of Rail, Road and Tram Transport in Metropolitan cities. 2. Composition and terms of reference of the team",,,,,,,Primary,Primary,
1983,,,,1983,,,,1983,ðŸŸ¦ Planning Commission ,Planning Commission,Standing Committee for directing & reviewing improvement of database for Planning & Policy Making,ðŸŸ¦ Standing Committee for directing & reviewing improvement of database for Planning & Policy Making,,,,,,,Primary,Primary,
1985,,,,1985,,,,1985,ðŸŸ¦ Planning Commission ,Planning Commission,Steering Committee for Transport Planning,ðŸŸ¦ Steering Committee for Transport Planning,,,,,,,Primary,Primary,
1986,,,,1986,,,,1986,ðŸŸª PMO,PMO,Study done by TATA Consultancy services on the role and mission of DDA,ðŸŸª Study done by TATA Consultancy services on the role and mission of DDA,,,,,,,Primary,Primary,
1984,,,,1984,,,,1984,ðŸŸ¥ Railways,Railways,"Survey of works in Stage-II, Stage-III of Delhi Report including New Delhi (Khurja-Pulwal-Rewari-Rohtak)","ðŸŸ¥ Survey of works in Stage-II, Stage-III of Delhi Report including New Delhi (Khurja-Pulwal-Rewari-Rohtak)",,,,,,,Primary,Primary,
1951,,,,1951,,,,1951,ðŸŸ« MOUD,Ministry of Health,"The Delhi Road Transport Authority (Advisory Council) Rules, 1951","ðŸŸ« The Delhi Road Transport Authority (Advisory Council) Rules, 1951",,,,,,,Primary,Primary,
1980,,,,1980,,,,1980,ðŸŸ¥ Railways,Railways,The Metro Railway Construction of works rules 1978 (USR 1720 of 1979),ðŸŸ¥ The Metro Railway Construction of works rules 1978 (USR 1720 of 1979),,,,,,,Primary,Primary,
1985,,,,1985,,,,1985,ðŸŸ¦ Planning Commission ,Planning Commission,Total Transport Systems Study by RITES for SCTP,ðŸŸ¦ Total Transport Systems Study by RITES for SCTP,,,,,,,Primary,Primary,
1983,,,,1983,,,,1983,ðŸŸª PMO,PMO,Town & Country Planning,ðŸŸª Town & Country Planning,,,,,,,Primary,Primary,
1959,,,,1959,,,,1959,ðŸŸª PMO,PMO,Town Planning Organization - Question of its continuation,ðŸŸª Town Planning Organization - Question of its continuation,,,,,,,Primary,Primary,
1976,,,,1976,,,,1976,ðŸŸ¦ Planning Commission ,Planning Commission,Transport requirement of the Delhi setting of the working group.,ðŸŸ¦ Transport requirement of the Delhi setting of the working group.,,,,,,,Primary,Primary,
1978,,,,1978,,,,1978,ðŸŸ¦ Planning Commission ,Planning Commission,UNDP Assistance for Transport Policy Planning,ðŸŸ¦ UNDP Assistance for Transport Policy Planning,,,,,,,Primary,Primary,
1982,,,,1982,,,,1982,ðŸŸ¦ Planning Commission ,Planning Commission,UNDP Transport Policy,ðŸŸ¦ UNDP Transport Policy,,,,,,,Primary,Primary,
1999,,,,1999,,,,1999,ðŸŸ¥ Railways,Railways,US-AEP's Programme of Environmental & Energy Related issues,ðŸŸ¥ US-AEP's Programme of Environmental & Energy Related issues,,,,,,,Primary,Primary,
1983,,,,1983,,,,1983,ðŸŸ¥ Railways,Railways,VII Five Year Plans Contribution of Working Group in Railway,ðŸŸ¥ VII Five Year Plans Contribution of Working Group in Railway,,,,,,,Primary,Primary,
1977,,,,1977,,,,1977,ðŸŸ¥ Railways,Railways,Working Group appointed by M of works & housing report on Mass Transport system for Delhi.,ðŸŸ¥ Working Group appointed by M of works & housing report on Mass Transport system for Delhi.,,,,,,,Primary,Primary,
1981,,,,1981,,,,1981,ðŸŸ¦ Planning Commission ,Planning Commission,Working Group on Metropolitan Transport set up by R.R.C.,ðŸŸ¦ Working Group on Metropolitan Transport set up by R.R.C.,,,,,,,Primary,Primary,
1981,,,,1981,,,,1981,ðŸŸ¦ Planning Commission ,Planning Commission,Working Group on Passenger Transport set up by Railway Reform Committee.,ðŸŸ¦ Working Group on Passenger Transport set up by Railway Reform Committee.,,,,,,,Primary,Primary,
1981,,,,1981,,,,1981,ðŸŸ¦ Planning Commission ,Planning Commission,Working Group on Passenger Transport set up by Railway Reform Committee.,ðŸŸ¦ Working Group on Passenger Transport set up by Railway Reform Committee.,,,,,,,Primary,Primary,
1979,,,,1979,,,,1979,ðŸŸ¥ Railways,Railways,Working group on Urban Transport,ðŸŸ¥ Working group on Urban Transport,,,,,,,Primary,Primary,
1991,,,,1991,,,,1991,ðŸŸª PMO,PMO,World Bank & Multilateral funded major projects which are experiencing long delays with concerned chief ministers,ðŸŸª World Bank & Multilateral funded major projects which are experiencing long delays with concerned chief ministers,,,,,,,Primary,Primary,
1982,,,,1982,,,,1982,ðŸŸ¦ Planning Commission ,Planning Commission,World Bank report on Railway Problems,ðŸŸ¦ World Bank report on Railway Problems,,,,,,,Primary,Primary,
1986,,,,1986,,,,1986,ðŸŸ¥ Railways,Railways,World Poll of Metro,ðŸŸ¥ World Poll of Metro,,,,,,,Primary,Primary,
1958,,,,1958,,,,1958,ðŸŸ¨ Home Affairs,Home Affairs,"Appointment of Sh. Bimalnanda Chatterjee as Director, Dept. of Urban Community Development under Delhi Municipal Corporation","ðŸŸ¨ Appointment of Sh. Bimalnanda Chatterjee as Director, Dept. of Urban Community Development under Delhi Municipal Corporation",,,,,,,Primary,Primary,
1958,,,,1958,,,,1958,ðŸŸ¨ Home Affairs,Home Affairs,Brief Note on Delhi,ðŸŸ¨ Brief Note on Delhi,,,,,,,Primary,Primary,
1958,,,,1958,,,,1958,ðŸŸ¨ Home Affairs,Home Affairs,DDA Notification - Reconstitution & rules of DDA rules 1958 - Nomination of Sh. A.R. Malhotra as member of authority,ðŸŸ¨ DDA Notification - Reconstitution & rules of DDA rules 1958 - Nomination of Sh. A.R. Malhotra as member of authority,,,,,,,Primary,Primary,
1985,,,,1985,,,,1985,ðŸŸ¨ Home Affairs,Home Affairs,Distribution of work between M/o Home Affairs & Housing related to MCD & NDMC,ðŸŸ¨ Distribution of work between M/o Home Affairs & Housing related to MCD & NDMC,,,,,,,Primary,Primary,
1960,,,,1960,,,,1960,ðŸŸ¨ Home Affairs,Home Affairs,Draft Master Plan for Delhi - Vol. I,ðŸŸ¨ Draft Master Plan for Delhi - Vol. I,,,,,,,Primary,Primary,
1960,,,,1960,,,,1960,ðŸŸ¨ Home Affairs,Home Affairs,Draft Master Plan for Delhi - Vol. II,ðŸŸ¨ Draft Master Plan for Delhi - Vol. II,,,,,,,Primary,Primary,
1966,,,,1966,,,,1966,ðŸŸ¨ Home Affairs,Home Affairs,"List of files transferred to Ministry of Works, Housing & Urban Development regarding Delhi Rent Control Act, 1958","ðŸŸ¨ List of files transferred to Ministry of Works, Housing & Urban Development regarding Delhi Rent Control Act, 1958",,,,,,,Primary,Primary,
1958,,,,1958,,,,1958,ðŸŸ¨ Home Affairs,Home Affairs,Master Plan - Role of DMC and DDA in execution Ã¢â‚¬â€œ Views of Albert Mayer & Arch Doston,ðŸŸ¨ Master Plan - Role of DMC and DDA in execution Ã¢â‚¬â€œ Views of Albert Mayer & Arch Doston,,,,,,,Primary,Primary,
1959,,,,1959,,,,1959,ðŸŸ¨ Home Affairs,Home Affairs,"Master Plan, Urbanization and Housing Problems of Delhi - Suggestions from Albert Mayer","ðŸŸ¨ Master Plan, Urbanization and Housing Problems of Delhi - Suggestions from Albert Mayer",,,,,,,Primary,Primary,
1979,,,,1979,,,,1979,ðŸŸ¨ Home Affairs,Home Affairs,Meeting on Building Bye-laws and Enforcement in Delhi,ðŸŸ¨ Meeting on Building Bye-laws and Enforcement in Delhi,,,,,,,Primary,Primary,
1962,,,,1962,,,,1962,ðŸŸ¨ Home Affairs,Home Affairs,Proposal for a 'Metropolitan Planning Council' for the NCR for implementing the Master Plan for Delhi,ðŸŸ¨ Proposal for a 'Metropolitan Planning Council' for the NCR for implementing the Master Plan for Delhi,,,,,,,Primary,Primary,
1959,,,,1959,,,,1959,ðŸŸ¨ Home Affairs,Home Affairs,Reconstitution of the Transport Committee - Plea by Delhi Provincial Transport Union Congress,ðŸŸ¨ Reconstitution of the Transport Committee - Plea by Delhi Provincial Transport Union Congress,,,,,,,Primary,Primary,
1963,,,,1963,,,,1963,ðŸŸ¨ Home Affairs,Home Affairs,Report of the Committee on Traffic in Delhi - Recommendations,ðŸŸ¨ Report of the Committee on Traffic in Delhi - Recommendations,,,,,,,Primary,Primary,
1958,,,,1958,,,,1958,ðŸŸ¨ Home Affairs,Home Affairs,"Resolution by DMC for reorganizing transport, extending tram services, and allowing private operators","ðŸŸ¨ Resolution by DMC for reorganizing transport, extending tram services, and allowing private operators",,,,,,,Primary,Primary,
1966,,,,1966,,,,1966,ðŸŸ¨ Home Affairs,Home Affairs,Schemes implemented by M/o Works & Housing,ðŸŸ¨ Schemes implemented by M/o Works & Housing,,,,,,,Primary,Primary,
1959,,,,1959,,,,1959,ðŸŸ¨ Home Affairs,Home Affairs,"Seminar on ""Urbanisation in India- Urban Trends & Problems in a Developing Country"" (Organized by University of California)","ðŸŸ¨ Seminar on ""Urbanisation in India- Urban Trends & Problems in a Developing Country"" (Organized by University of California)",,,,,,,Primary,Primary,
1959,,,,1959,,,,1959,ðŸŸ¨ Home Affairs,Home Affairs,Space standards for planning of residential colonies in Greater Delhi,ðŸŸ¨ Space standards for planning of residential colonies in Greater Delhi,,,,,,,Primary,Primary,
1959,,,,1959,,,,1959,ðŸŸ¨ Home Affairs,Home Affairs,Starred Question No. 1690 - Transport Survey in Delhi (Answered in Lok Sabha),ðŸŸ¨ Starred Question No. 1690 - Transport Survey in Delhi (Answered in Lok Sabha),,,,,,,Primary,Primary,
1959,,,,1959,,,,1959,ðŸŸ¨ Home Affairs,Home Affairs,Starred Question No. 222 - Establishment of a Dept. of Urban Community Development under DMC (Rajya Sabha),ðŸŸ¨ Starred Question No. 222 - Establishment of a Dept. of Urban Community Development under DMC (Rajya Sabha),,,,,,,Primary,Primary,
1958,,,,1958,,,,1958,ðŸŸ¨ Home Affairs,Home Affairs,"The DMC Street Bye-Laws, 1958 - Published in Delhi Adm. Gazetteer","ðŸŸ¨ The DMC Street Bye-Laws, 1958 - Published in Delhi Adm. Gazetteer",,,,,,,Primary,Primary,
1966,,,,1966,,,,1966,ðŸŸ¨ Home Affairs,Home Affairs,"Transfer of 'Coordination of work in respect of the Master Plan in Delhi & Slum Clearance' to Ministry of Works, Housing & Urban Development","ðŸŸ¨ Transfer of 'Coordination of work in respect of the Master Plan in Delhi & Slum Clearance' to Ministry of Works, Housing & Urban Development",,,,,,,Primary,Primary,
1958,,,,1958,,,,1958,ðŸŸ¨ Home Affairs,Home Affairs,Transport bottlenecks in Delhi - Congestion on Shankar Rd & Qutub Rd - Measures for improvement,ðŸŸ¨ Transport bottlenecks in Delhi - Congestion on Shankar Rd & Qutub Rd - Measures for improvement,,,,,,,Primary,Primary,
1958,,,,1958,,,,1958,ðŸŸ¨ Home Affairs,Home Affairs,"Transport undertaking-Question regarding Central government power to issue sanction under D.R.T.A. Act, 1950-Advised that Corporation has powers to dispose of the cases themselves","ðŸŸ¨ Transport undertaking-Question regarding Central government power to issue sanction under D.R.T.A. Act, 1950-Advised that Corporation has powers to dispose of the cases themselves",,,,,,,Primary,Primary,
1958,,,,1958,,,,1958,ðŸŸ¨ Home Affairs,Home Affairs,Urban Community Development Schemes in Delhi - Initial grant from Ford Foundation,ðŸŸ¨ Urban Community Development Schemes in Delhi - Initial grant from Ford Foundation,,,,,,,Primary,Primary,
1968,,,,1968,,,,1968,ðŸŸ¨ Home Affairs,Home Affairs,"Working of Delhi Development Authority - Delegation of powers under Delhi Development Act, 1957","ðŸŸ¨ Working of Delhi Development Authority - Delegation of powers under Delhi Development Act, 1957",,,,,,,Primary,Primary,
1969,,,,1969,,,,1969,ðŸŸ¨ Home Affairs,Home Affairs,Working of the Delhi Transport Undertaking (DTU),ðŸŸ¨ Working of the Delhi Transport Undertaking (DTU),,,,,,,Primary,Primary,
1955,,,,1955,,,,1955,ðŸŸ¦ Planning Commission ,Planning Commission,Report of Study Group on Transportation Planning,ðŸŸ¦ Report of Study Group on Transportation Planning,,,,,,,Secondary,Secondary,
1966,,,,1966,,,,1966,ðŸŸ¦ Planning Commission ,Planning Commission,COMMITTEE on TRANSPORT POLICY AND COORDINATION,ðŸŸ¦ COMMITTEE on TRANSPORT POLICY AND COORDINATION,,,,,,,Secondary,Secondary,
1967,,,,1967,,,,1967,ðŸŸ¦ Planning Commission ,Planning Commission,Traffic and Transportaion Problems in Metropolitan Cities,ðŸŸ¦ Traffic and Transportaion Problems in Metropolitan Cities,,,,,,,Secondary,Secondary,
1969,,,,1969,,,,1969,ðŸŸ¦ Planning Commission ,Planning Commission,Report on Masss Transportation Systems in Calcutta,ðŸŸ¦ Report on Masss Transportation Systems in Calcutta,,,,,,,Secondary,Secondary,
1970,,,,1970,,,,1970,ðŸŸ¦ Planning Commission ,Planning Commission,Report of Working Group on Metropolitan Transport Services,ðŸŸ¦ Report of Working Group on Metropolitan Transport Services,,,,,,,Secondary,Secondary,
1973,,,,1973,,,,1973,ðŸŸ¦ Planning Commission ,Planning Commission,Report of Sub Group of Metropoliutan Transport,ðŸŸ¦ Report of Sub Group of Metropoliutan Transport,,,,,,,Secondary,Secondary,
1980,,,,1980,,,,1980,ðŸŸ¦ Planning Commission ,Planning Commission,Report of National Transport Policy Committee,ðŸŸ¦ Report of National Transport Policy Committee,,,,,,,Secondary,Secondary,
1968,,,,1968,,,,1968,ðŸŸ¦ Planning Commission ,Planning Commission,Report on Existing Mass Transportaion System in Bombay,ðŸŸ¦ Report on Existing Mass Transportaion System in Bombay,,,,,,,Secondary,Secondary,
2001,,,,2001,,,,2001,ðŸŸ¦ Planning Commission ,Planning Commission,Task Force on Integrated Transport Policy,ðŸŸ¦ Task Force on Integrated Transport Policy,,,,,,,Secondary,Secondary,
2006,,,,2006,,,,2006,ðŸŸ¦ Planning Commission ,Planning Commission,Working Group on Urban Transport incl. Mass Rapid Transport System ,ðŸŸ¦ Working Group on Urban Transport incl. Mass Rapid Transport System ,,,,,,,Secondary,Secondary,
2011,,,,2011,,,,2011,ðŸŸ¦ Planning Commission ,Planning Commission,Recommendations of Working Group on Urban Transport for 12th Five Year Plan],ðŸŸ¦ Recommendations of Working Group on Urban Transport for 12th Five Year Plan],,,,,,,Secondary,Secondary,
1988,,,,1988,,,,1988,ðŸŸ¦ Planning Commission ,Planning Commission,Perspective Planning for Transport Development: Report of Steering Committee,ðŸŸ¦ Perspective Planning for Transport Development: Report of Steering Committee,,,,,,,Secondary,Secondary,
2010,,,,2010,,,,2010,ðŸŸ¦ Planning Commission ,Planning Commission,India Moving Report (Rakesh Mohan Committee),ðŸŸ¦ India Moving Report (Rakesh Mohan Committee),,,,,,,Secondary,Secondary,
1979,,,,1979,,,,1979,ðŸŸ¦ Planning Commission ,Planning Commission,Report of Working Group on Urban Transport,ðŸŸ¦ Report of Working Group on Urban Transport,,,,,,,Secondary,Secondary,
1987,,,,1987,,,,1987,ðŸŸ© Transport,Ministry of Transport,Report of Study Group on Alternative Systems of Urban Transport,ðŸŸ© Report of Study Group on Alternative Systems of Urban Transport,,,,,,,Secondary,Secondary,
1996,,,,1996,,,,1996,ðŸŸ« MOUD,MoUD,Report of the Working Group on Urban Transport,ðŸŸ« Report of the Working Group on Urban Transport,,,,,,,Secondary,Secondary,
1998,,,,1998,,,,1998,ðŸŸ« MOUD,MoUD,Traffic and Transportation Policies and Strategies in Urban Areas in India. Final Report.,ðŸŸ« Traffic and Transportation Policies and Strategies in Urban Areas in India. Final Report.,,,,,,,Secondary,Secondary,
2008,,,,2008,,,,2008,ðŸŸ« MOUD,MoUD,Study on Traffic and Transportation Policies and Strategies in Urban Areas in India,ðŸŸ« Study on Traffic and Transportation Policies and Strategies in Urban Areas in India,,,,,,,Secondary,Secondary,
1973,,,,1973,,,,1973,ðŸŸ£ Government Report,TCPO,Land Use and Traffic Studies for Delhi MRTS 1981,ðŸŸ£ Land Use and Traffic Studies for Delhi MRTS 1981,,,,,,,Secondary,Secondary,
1969,,,,1969,,,,1969,ðŸŸ£ Government Report,CRRI,Rapid Transit System for Delhi (Srinivasan),ðŸŸ£ Rapid Transit System for Delhi (Srinivasan),,,,,,,Secondary,Secondary,
1988,,,,1988,,,,1988,ðŸŸ¦ Planning Commission ,Planning Commission,Vohra Committee on Energy Implications in Urban Transport ,ðŸŸ¦ Vohra Committee on Energy Implications in Urban Transport ,,,,,,,Secondary,Secondary,
1989,,,,1989,,,,1989,ðŸŸ£ Government Report,CRRI,Planning of Mass Rapid Transit System. For Delhi (Sarna),ðŸŸ£ Planning of Mass Rapid Transit System. For Delhi (Sarna),,,,,,,Secondary,Secondary,
1988,,,,1988,,,,1988,ðŸŸ£ Government Report,CRRI,Mobility Levels and Transport Problems of Various Population  Groups,ðŸŸ£ Mobility Levels and Transport Problems of Various Population  Groups,,,,,,,Secondary,Secondary,
1969,,,,1969,,,,1969,ðŸŸ£ Government Report,CRRI,"Comprehensive Traffic and Transportation Studies of Delhi-CRRI,  New Delhi","ðŸŸ£ Comprehensive Traffic and Transportation Studies of Delhi-CRRI,  New Delhi",,,,,,,Secondary,Secondary,
2002,,,,2002,,,,2002,ðŸŸ£ Government Report,CRRI,Expert COmmittee on Auto Fuel Policy - Urban Road Traffic and Air Pollution in Major Cities,ðŸŸ£ Expert COmmittee on Auto Fuel Policy - Urban Road Traffic and Air Pollution in Major Cities,,,,,,,Secondary,Secondary,
2006,,,,2006,,,,2006,ðŸ”µ Policy Report,MoUD,National Urban Transport Policy (NUTP),ðŸ”µ National Urban Transport Policy (NUTP),,,,,,,Policy,Policy,
2017,,,,2017,,,,2017,ðŸ”µ Policy Report,MoUD,Metro Policy,ðŸ”µ Metro Policy,,,,,,,Policy,Policy,
2015,,,,2015,,,,2015,ðŸ”µ Policy Report,MoUD,Smart Cities Mission,ðŸ”µ Smart Cities Mission,,,,,,,Policy,Policy,
1978,,,,1978,,,,1978,ðŸ”µ Policy Report,Railways,Metro Railways (Construction of Works) Act  ,ðŸ”µ Metro Railways (Construction of Works) Act  ,,,,,,,Policy,Policy,
1982,,,,1982,,,,1982,ðŸ”µ Policy Report,Railways,Metro Railways (Construction of Works) Act (Ammendment),ðŸ”µ Metro Railways (Construction of Works) Act (Ammendment),,,,,,,Policy,Policy,
1988,,,,1988,,,,1988,ðŸ”µ Policy Report,Transport,Motor Vehicles Act,ðŸ”µ Motor Vehicles Act,,,,,,,Policy,Policy,
2017,,,,2017,,,,2017,ðŸ”µ Policy Report,MoUD,TOD Policy,ðŸ”µ TOD Policy,,,,,,,Policy,Policy,
2019,,,,2019,,,,2019,ðŸ”µ Policy Report,Transport,"Motor Vehicles Act (Amendment Bill, 2019)","ðŸ”µ Motor Vehicles Act (Amendment Bill, 2019)",,,,,,,Policy,Policy,
1989,,,,1989,,,,1989,ðŸ”µ Policy Report,MoUD,Railways Act,ðŸ”µ Railways Act,,,,,,,Policy,Policy,
1950,,,,1950,,,,1950,ðŸ”µ Policy Report,Transport,Road Transport Corporation Act,ðŸ”µ Road Transport Corporation Act,,,,,,,Policy,Policy,